edges,mcg,path
4,0.00011,0.00011
16,0.000062,0.000069
64,0.000072,0.00013
256,0.000097,0.00032
1024,0.00021,0.00087
4096,0.0005,0.0031
16384,0.0015,0.012
